profile_id,Tw_range,Tt_range,Ty_range,Tpm_range,Pcu_range
2,83.85372352600099,53.50288391113281,34.30289077758789,23.015144348144528,7355.703639357534
3,19.922517776489258,13.02463150024414,8.137859344482418,6.2604675292968714,1570.3602571436172
4,94.79338836669922,67.15552139282227,39.23506546020508,76.4716796875,5843.184668356222
5,24.339828491210938,17.55594253540039,11.621524810791016,14.049583435058594,1595.0145036907245
6,102.00117301940918,74.77853393554689,61.308834075927734,69.16314125061035,12083.062354626118
7,20.105438232421875,13.592901229858398,8.583906173706055,10.787055969238281,1575.5189052439607
8,26.13803482055664,19.428442001342773,12.487890243530273,20.273029327392578,1610.132131796852
9,35.290706634521484,27.200735092163086,17.258562088012695,26.309520721435547,1785.4525096885666
10,74.70253181457521,50.73544883728027,27.699430465698242,49.15185737609863,6254.3388141025125
11,55.699716567993164,37.756507873535156,21.243141174316406,32.884559631347656,7688.379156787103
12,30.601808547973626,23.999755859375,14.839427947998043,23.755826950073242,1633.227543126303
13,20.385623931884766,13.87783432006836,8.672718048095703,10.845888137817386,1572.3539241152582
14,48.12536811828613,35.1822509765625,20.89701271057129,36.00210189819336,2515.7161127360228
15,94.9730281829834,66.79328346252441,39.885719299316406,72.78829193115234,5416.80744980327
16,39.94131088256836,26.984432220458984,17.122674942016598,23.153587341308594,2966.6713184373084
17,53.380971908569336,40.46998405456543,24.469480514526364,45.323795318603516,2005.4240624985575
18,44.758527755737305,27.469127655029293,18.81593322753906,15.385517120361321,3686.094430253052
19,83.23330307006836,60.794334411621094,35.148820877075195,72.31001091003418,3082.964678645912
20,106.19993400573729,85.74556732177734,66.87762451171875,82.41457366943361,9929.854555710524
21,85.01541709899902,61.13271522521973,36.35214424133301,70.64925384521484,3807.9457209508746
23,104.64072799682617,72.48891067504883,44.35500144958496,74.10707092285156,7075.077518422048
24,103.43640518188477,74.43573570251465,43.37683296203613,91.67438888549806,4837.184673586223
26,104.54169845581055,70.46263504028322,41.75483703613281,71.56038475036621,7374.813744784443
27,119.50799560546875,78.54865264892578,45.59062957763672,87.4106330871582,12210.757125814416
29,121.51226425170898,78.87493705749512,46.58616638183594,75.59511375427246,13131.887774184312
30,95.18827819824217,61.93107986450195,38.824087142944336,30.3901424407959,8394.499660723823
31,93.63639640808105,67.32722663879395,38.780832290649414,78.06522369384766,4344.960038493643
32,111.918701171875,76.44434928894043,45.753692626953125,67.1319580078125,8706.78090470894
36,114.39853477478027,69.22123527526855,40.637338638305664,26.011234283447266,14068.054143819156
41,98.38415196794182,77.70208895573728,69.50171307996997,67.85247785865909,9905.698144313916
42,73.183406991223,59.96197552126749,51.93738934693333,45.877876124225516,4265.938874078017
43,101.12049530304297,69.87079280629763,47.64211241525383,41.01824419401234,10387.739423668509
44,84.87802518360135,70.23921492910168,65.02056228483715,51.754684071939955,7592.353141578008
45,84.3984883380738,72.58964829744076,63.55715128031072,63.358156212899694,7951.043980320785
46,28.17070630962624,17.99544203848562,9.90221434554752,14.83239634365107,8920.810110413193
47,36.430629970803224,22.868605435083737,12.659127903147905,7.070935259134643,8057.239202974529
48,77.98433268694183,48.95715785659794,29.80348646156026,33.44459438469118,12094.708879719941
49,78.7255190753249,51.97757383592843,32.00108015441175,42.17328341211433,12138.59526253619
50,77.6000315856781,48.09914553773948,33.359474529638675,41.19176323923161,11347.459396407141
51,76.80677289307623,57.61161362451859,44.99208650254232,52.87823671386363,11097.101886616852
52,76.11213866286366,60.33929894485944,59.69895336846117,28.761363372621503,11205.277650100801
53,90.03530162899196,73.59260722424865,62.387365841462625,37.89898957109217,10843.253565547138
54,73.0017650031121,53.63010134301061,40.156223266505265,47.44337295881475,11243.390818027368
55,84.07426769854199,70.41537207564635,62.57000568830096,52.709925421440445,11305.900387287034
56,85.68891075049115,64.34067068907041,58.2938523922363,43.59745327036388,11921.930000662427
57,107.04078738348942,81.53519814296648,73.4550367318686,62.35072075244497,10670.535358982166
58,95.10411762421066,76.19305832570262,65.80693302461754,54.84262928870956,11832.207798600431
59,79.5547452224111,60.552127788841496,56.22627607233301,47.06878201234647,10148.55241527794
60,99.3293832951432,75.90726285738447,69.7127749412694,49.6403232152322,11006.795733037043
61,86.21204896307343,67.9030006621756,61.35644172117883,31.819861918826255,11136.6774346826
62,78.07330368462537,61.67275538635828,49.59601676150426,53.21264716007012,9920.805136944356
63,76.87779496993068,62.95102199993718,61.84858726664537,44.21362625770652,10886.814510804745
64,63.02785061571297,50.398915780704925,37.57535523998406,43.02814533374498,9731.229386624813
65,103.96558543761397,80.03208978593051,72.83338725202391,67.39242933802402,11079.54398342496
66,100.31175146169376,84.5165848947649,75.07211309462072,44.58235867271237,10221.663118844019
67,63.097361879993215,39.643407016995084,23.997557456173453,39.69051808863814,10039.32363457814
68,99.88128410916862,78.66033041108734,69.3579846532791,58.01360197071721,10578.48364462677
69,86.9608592307771,73.69706061920353,66.41963802370819,59.06546827980436,10864.370470807327
70,94.96166111649353,76.79635327480675,67.02378496618314,42.49597213958193,10742.191781229038
71,81.18435165070838,72.95467574438294,67.25789294017004,54.60267993691013,9865.20683344732
72,74.31405714739569,66.1883446006504,60.56006381755417,41.06597329167949,10901.82342825405
73,106.76687574771326,88.30094532151197,75.86028718042206,63.41375915683352,10547.35692220769
74,83.35859957506409,66.52276950336905,58.87848647239634,29.043320545960455,11026.943128558103
75,107.10578601671865,89.27565929596483,76.81168770371819,70.31422780291491,11359.766736987578
76,89.85856300973097,77.81899358552045,69.46261341791332,51.121465311650056,9562.88742146623
78,81.67616585151526,67.8621635987145,60.428241991872326,46.76264869095307,8044.316756186184
79,104.61393641089721,87.85331015963705,77.981287076996,71.60201846162064,10264.767837753941
80,96.53733205782721,80.9299819249014,70.02204290975268,58.48910925550919,9983.005718433542
81,81.05424034321669,68.7343897208213,59.659882989183835,52.65132538184978,10037.33876705613
